{
  "log_volume": 0.2572471499443054,
  "amihud": 0.16756580770015717,
  "log_return": 0.11467058211565018,
  "sentiment_score": 0.10766977071762085,
  "supply_impact": 0.04625389352440834,
  "is_wednesday": 0.04281359165906906,
  "demand_impact": 0.029284005984663963,
  "hour": 0.024176595732569695,
  "event_type_int": 0.023463847115635872,
  "certainty": 0.021270956844091415,
  "relative_time_idx": 0.019125061109662056,
  "n_articles": 0.016834735870361328,
  "price_range": 0.016644587740302086,
  "is_us_session": 0.01628929190337658,
  "vix": 0.01587817817926407,
  "time_horizon_int": 0.015776831656694412,
  "risk_premium": 0.014592424966394901,
  "magnitude": 0.014021486043930054,
  "month": 0.01264613214880228,
  "day_of_week": 0.012175731360912323,
  "dxy": 0.011599265970289707
}