{
  "sentiment_score": 0.2741745710372925,
  "amihud": 0.09892497211694717,
  "time_horizon_int": 0.09433311969041824,
  "demand_impact": 0.06771273910999298,
  "is_wednesday": 0.052416156977415085,
  "dxy": 0.0491204597055912,
  "log_volume": 0.04593045264482498,
  "price_range": 0.04477806016802788,
  "month": 0.04081007465720177,
  "event_type_int": 0.02995610237121582,
  "magnitude": 0.02964082546532154,
  "certainty": 0.029416104778647423,
  "supply_impact": 0.02793779969215393,
  "relative_time_idx": 0.021290434524416924,
  "n_articles": 0.01906059868633747,
  "day_of_week": 0.017391417175531387,
  "is_us_session": 0.01724761165678501,
  "risk_premium": 0.011996373534202576,
  "log_return": 0.011357102543115616,
  "vix": 0.010004827752709389,
  "hour": 0.006501385476440191
}