{
  "vix": 0.23583774268627167,
  "demand_impact": 0.13612358272075653,
  "ent_us": 0.04447559639811516,
  "log_return": 0.03378366306424141,
  "dxy": 0.028819913044571877,
  "amihud": 0.027891386300325394,
  "ent_yemen": 0.02205648645758629,
  "ent_lebanon": 0.02037481777369976,
  "ent_oman": 0.019722599536180496,
  "ent_brent": 0.018586747348308563,
  "ent_india": 0.017428843304514885,
  "ent_maduro": 0.010760975070297718,
  "ent_biden": 0.010712363757193089,
  "ent_hamas": 0.01014516968280077,
  "ent_saudi_arabia": 0.009471182711422443,
  "ent_kazakhstan": 0.008974284864962101,
  "ent_fed": 0.008821112103760242,
  "ent_egypt": 0.008626586757600307,
  "supply_impact": 0.008429977111518383,
  "ent_s_and_p_500": 0.007931165397167206,
  "ent_iea": 0.007690075784921646,
  "ent_ukraine": 0.007505624555051327,
  "ent_chevron": 0.007498282473534346,
  "ent_hezbollah": 0.007497816812247038,
  "ent_ecb": 0.007165129296481609,
  "day_of_week": 0.006691151764243841,
  "ent_south_korea": 0.0065933531150221825,
  "ent_strait_of_hormuz": 0.0065634301863610744,
  "ent_guyana": 0.006546531803905964,
  "ent_bessent": 0.006284029223024845,
  "magnitude": 0.006059458013623953,
  "ent_nigeria": 0.0059659648686647415,
  "ent_iran": 0.005863731727004051,
  "ent_japan": 0.005709170363843441,
  "ent_uae": 0.005665591452270746,
  "month": 0.005658440291881561,
  "risk_premium": 0.005498443264514208,
  "ent_libya": 0.005417042877525091,
  "ent_shell": 0.005371695850044489,
  "ent_germany": 0.005349944811314344,
  "ent_api": 0.005306439008563757,
  "ent_russia": 0.00524130929261446,
  "ent_eu": 0.005121242720633745,
  "is_wednesday": 0.004991663619875908,
  "ent_qatar": 0.004956444725394249,
  "ent_australia": 0.004874661099165678,
  "ent_algeria": 0.004775633569806814,
  "ent_brazil": 0.004743489902466536,
  "ent_permian_basin": 0.0047228033654391766,
  "ent_venezuela": 0.004698819015175104,
  "ent_canada": 0.0045836311765015125,
  "ent_saudi_aramco": 0.004440507851541042,
  "ent_hungary": 0.004355671349912882,
  "ent_iraq": 0.004333836026489735,
  "ent_azerbaijan": 0.004235014785081148,
  "ent_turkiye": 0.004215309862047434,
  "ent_europe": 0.0041014146991074085,
  "ent_totalenergies": 0.004098461475223303,
  "sentiment_score": 0.004045626148581505,
  "ent_persian_gulf": 0.004019959829747677,
  "ent_eia": 0.004017557017505169,
  "ent_red_sea": 0.003940118011087179,
  "ent_exxonmobil": 0.0038260261062532663,
  "ent_israel": 0.003721661400049925,
  "ent_powell": 0.003700567176565528,
  "ent_gulf_of_mexico": 0.003573823254555464,
  "ent_china": 0.003492838703095913,
  "ent_wti": 0.0034424266777932644,
  "ent_opec_plus": 0.0034061139449477196,
  "log_volume": 0.0033042975701391697,
  "ent_kuwait": 0.0031663370318710804,
  "price_range": 0.003162286477163434,
  "ent_pakistan": 0.00311378575861454,
  "hour": 0.0030459188856184483,
  "ent_rosneft": 0.0030301427468657494,
  "ent_mexico": 0.0029541885014623404,
  "ent_lukoil": 0.002783179050311446,
  "relative_time_idx": 0.002576937200501561,
  "ent_houthis": 0.002444229321554303,
  "ent_trump": 0.002412856090813875,
  "is_us_session": 0.0023359896149486303,
  "ent_bp": 0.00232320511713624,
  "certainty": 0.002277576131746173,
  "ent_opec": 0.002245092298835516,
  "ent_uk": 0.002176641020923853,
  "ent_putin": 0.0020919041708111763,
  "ent_asia": 0.0019252593629062176,
  "ent_gaza": 0.0018762436229735613,
  "n_articles": 0.0014142415020614862,
  "ent_middle_east": 0.0012359189568087459
}