{
  "demand_impact": 0.4326110780239105,
  "log_return": 0.05558152124285698,
  "dxy": 0.05224199220538139,
  "certainty": 0.050172511488199234,
  "amihud": 0.04754311591386795,
  "vix": 0.04262165352702141,
  "hour": 0.039068836718797684,
  "magnitude": 0.037946511059999466,
  "day_of_week": 0.037745580077171326,
  "n_articles": 0.034212127327919006,
  "relative_time_idx": 0.02876286953687668,
  "is_wednesday": 0.02788158319890499,
  "price_range": 0.02085016295313835,
  "sentiment_score": 0.012813224457204342,
  "risk_premium": 0.010547791607677937,
  "log_volume": 0.008283465169370174,
  "is_us_session": 0.007096580695360899,
  "month": 0.005038953386247158,
  "supply_impact": 0.0040571982972323895
}