{
  "demand_impact": 0.4851657450199127,
  "vix": 0.15499138832092285,
  "risk_premium": 0.0403008833527565,
  "dxy": 0.03584664687514305,
  "log_return": 0.03298381343483925,
  "certainty": 0.03217216581106186,
  "is_wednesday": 0.02879125438630581,
  "magnitude": 0.026996824890375137,
  "n_articles": 0.022323692217469215,
  "price_range": 0.020574631169438362,
  "sentiment_score": 0.01768024079501629,
  "is_us_session": 0.016894621774554253,
  "relative_time_idx": 0.015963604673743248,
  "supply_impact": 0.012627935037016869,
  "amihud": 0.010595169849693775,
  "month": 0.009326041676104069,
  "day_of_week": 0.009054111316800117,
  "hour": 0.00799629744142294,
  "log_volume": 0.0033734177704900503
}