{
  "vix": 0.18792010843753815,
  "supply_impact": 0.12095250189304352,
  "ent_oman": 0.1132231131196022,
  "demand_impact": 0.05467485636472702,
  "is_wednesday": 0.022161634638905525,
  "ent_japan": 0.01662258803844452,
  "ent_eu": 0.01595654897391796,
  "ent_iran": 0.014671647921204567,
  "ent_china": 0.014198103919625282,
  "ent_algeria": 0.013452934101223946,
  "ent_qatar": 0.012811413034796715,
  "ent_exxonmobil": 0.011861930601298809,
  "ent_ukraine": 0.01146936509758234,
  "ent_hezbollah": 0.011260522529482841,
  "month": 0.010900442488491535,
  "ent_venezuela": 0.010231005027890205,
  "ent_hamas": 0.009984440170228481,
  "ent_saudi_aramco": 0.009809771552681923,
  "risk_premium": 0.009692310355603695,
  "log_volume": 0.009221871383488178,
  "sentiment_score": 0.00896243192255497,
  "ent_s_and_p_500": 0.008633690886199474,
  "certainty": 0.008629458025097847,
  "ent_maduro": 0.00860190112143755,
  "ent_bessent": 0.008478536270558834,
  "ent_rosneft": 0.007725018076598644,
  "ent_canada": 0.007400611415505409,
  "ent_uae": 0.007175015285611153,
  "ent_us": 0.007059487514197826,
  "ent_gulf_of_mexico": 0.006740642245858908,
  "ent_lukoil": 0.00654942449182272,
  "ent_opec_plus": 0.00651873555034399,
  "n_articles": 0.0064681777730584145,
  "ent_red_sea": 0.006421062164008617,
  "log_return": 0.006282023154199123,
  "ent_ecb": 0.005982339382171631,
  "ent_gaza": 0.00597285944968462,
  "ent_bp": 0.0059301783330738544,
  "dxy": 0.005796550307422876,
  "ent_iraq": 0.005711128003895283,
  "ent_houthis": 0.005670879501849413,
  "ent_kuwait": 0.005388983525335789,
  "amihud": 0.005346545018255711,
  "ent_south_korea": 0.005300422199070454,
  "day_of_week": 0.005204583052545786,
  "ent_asia": 0.004961411003023386,
  "ent_iea": 0.004957891069352627,
  "ent_israel": 0.0048960247077047825,
  "ent_fed": 0.0048453775234520435,
  "ent_trump": 0.004466698970645666,
  "ent_permian_basin": 0.004412027541548014,
  "hour": 0.004268800374120474,
  "ent_brent": 0.004262073896825314,
  "ent_totalenergies": 0.00424222694709897,
  "ent_nigeria": 0.004055732395499945,
  "ent_powell": 0.004028440918773413,
  "ent_india": 0.003999052569270134,
  "ent_api": 0.003890842664986849,
  "ent_libya": 0.003818448167294264,
  "ent_uk": 0.0035369887482374907,
  "ent_putin": 0.0034991942811757326,
  "ent_hungary": 0.0034726120065897703,
  "ent_europe": 0.00346841081045568,
  "ent_eia": 0.0033743863459676504,
  "ent_russia": 0.0033640852198004723,
  "ent_turkiye": 0.003364063799381256,
  "magnitude": 0.0032632634975016117,
  "ent_egypt": 0.0029933799523860216,
  "ent_shell": 0.0029341375920921564,
  "is_us_session": 0.002842879854142666,
  "ent_chevron": 0.0028068930841982365,
  "ent_azerbaijan": 0.002789235208183527,
  "ent_australia": 0.0026705916970968246,
  "ent_pakistan": 0.0026613594964146614,
  "ent_kazakhstan": 0.0025500694755464792,
  "ent_wti": 0.002532689832150936,
  "ent_germany": 0.0022325359750539064,
  "ent_middle_east": 0.0022316575050354004,
  "ent_persian_gulf": 0.0020427724812179804,
  "ent_opec": 0.0019534288439899683,
  "ent_saudi_arabia": 0.001932834624312818,
  "ent_guyana": 0.0017655190313234925,
  "ent_lebanon": 0.001726518850773573,
  "ent_biden": 0.0016971752047538757,
  "ent_mexico": 0.0016681777779012918,
  "ent_brazil": 0.0016273679211735725,
  "ent_strait_of_hormuz": 0.0015208300901576877,
  "relative_time_idx": 0.00122711225412786,
  "ent_yemen": 0.0011153026716783643,
  "price_range": 0.0010419331956654787
}